INSERT INTO PUBLIC.LANGUAGE (CODE, INFO) VALUES ('en', 'English');
INSERT INTO PUBLIC.LANGUAGE (CODE, INFO) VALUES ('ru', 'Русский');
INSERT INTO PUBLIC.LANGUAGE (CODE, INFO) VALUES ('by', 'Беларускі');

INSERT INTO PUBLIC.PART_OF_SPEECH (CODE, INFO) VALUES ('noun', 'Naming word');
INSERT INTO PUBLIC.PART_OF_SPEECH (CODE, INFO) VALUES ('verb', 'Action Word');
INSERT INTO PUBLIC.PART_OF_SPEECH (CODE, INFO) VALUES ('interjection', 'Expressive word');
INSERT INTO PUBLIC.PART_OF_SPEECH (CODE, INFO) VALUES ('adverb', 'Describes a verb');

INSERT INTO PUBLIC.WORD (WORD_ID, MEANING, SPELLING, LANGUAGE_CODE, PART_OF_SPEECH_CODE) VALUES (1, 'Shed tears, especially as an expression of distress or pain', 'cry', 'en', 'verb');
INSERT INTO PUBLIC.WORD (WORD_ID, MEANING, SPELLING, LANGUAGE_CODE, PART_OF_SPEECH_CODE) VALUES (2, 'Громко кричать, слишком громко разговаривать', 'орать', 'ru', 'verb');
INSERT INTO PUBLIC.WORD (WORD_ID, MEANING, SPELLING, LANGUAGE_CODE, PART_OF_SPEECH_CODE) VALUES (3, 'Громко говорить', 'кричать', 'ru', 'verb');
INSERT INTO PUBLIC.WORD (WORD_ID, MEANING, SPELLING, LANGUAGE_CODE, PART_OF_SPEECH_CODE) VALUES (4, 'Гучна казаць', 'крычаць', 'by', 'verb');

INSERT INTO PUBLIC.WORD (WORD_ID, MEANING, SPELLING, LANGUAGE_CODE, PART_OF_SPEECH_CODE) VALUES (5, '', 'привет', 'ru', 'interjection');
INSERT INTO PUBLIC.WORD (WORD_ID, MEANING, SPELLING, LANGUAGE_CODE, PART_OF_SPEECH_CODE) VALUES (6, '', 'hi', 'en', 'interjection');
INSERT INTO PUBLIC.WORD (WORD_ID, MEANING, SPELLING, LANGUAGE_CODE, PART_OF_SPEECH_CODE) VALUES (7, '', 'прывітанне', 'by', 'interjection');

INSERT INTO PUBLIC.WORD (WORD_ID, MEANING, SPELLING, LANGUAGE_CODE, PART_OF_SPEECH_CODE) VALUES (9, '', 'час', 'ru', 'noun');
INSERT INTO PUBLIC.WORD (WORD_ID, MEANING, SPELLING, LANGUAGE_CODE, PART_OF_SPEECH_CODE) VALUES (10, '', 'hour', 'en', 'noun');
INSERT INTO PUBLIC.WORD (WORD_ID, MEANING, SPELLING, LANGUAGE_CODE, PART_OF_SPEECH_CODE) VALUES (11, '', 'гадзіна', 'by', 'noun');

INSERT INTO PUBLIC.WORD (WORD_ID, MEANING, SPELLING, LANGUAGE_CODE, PART_OF_SPEECH_CODE) VALUES (12, '', 'дои', 'ru', 'noun');
INSERT INTO PUBLIC.WORD (WORD_ID, MEANING, SPELLING, LANGUAGE_CODE, PART_OF_SPEECH_CODE) VALUES (13, '', 'house', 'en', 'noun');
INSERT INTO PUBLIC.WORD (WORD_ID, MEANING, SPELLING, LANGUAGE_CODE, PART_OF_SPEECH_CODE) VALUES (14, '', 'дом', 'by', 'noun');

INSERT INTO PUBLIC.WORD (WORD_ID, MEANING, SPELLING, LANGUAGE_CODE, PART_OF_SPEECH_CODE) VALUES (15, '', 'поздно', 'ru', 'adverb');
INSERT INTO PUBLIC.WORD (WORD_ID, MEANING, SPELLING, LANGUAGE_CODE, PART_OF_SPEECH_CODE) VALUES (16, '', 'late', 'en', 'adverb');
INSERT INTO PUBLIC.WORD (WORD_ID, MEANING, SPELLING, LANGUAGE_CODE, PART_OF_SPEECH_CODE) VALUES (17, '', 'позна', 'by', 'adverb');

INSERT INTO PUBLIC.WORD (WORD_ID, MEANING, SPELLING, LANGUAGE_CODE, PART_OF_SPEECH_CODE) VALUES (18, '', 'утро', 'ru', 'noun');
INSERT INTO PUBLIC.WORD (WORD_ID, MEANING, SPELLING, LANGUAGE_CODE, PART_OF_SPEECH_CODE) VALUES (19, '', 'morning', 'en', 'noun');
INSERT INTO PUBLIC.WORD (WORD_ID, MEANING, SPELLING, LANGUAGE_CODE, PART_OF_SPEECH_CODE) VALUES (20, '', 'раніца', 'by', 'noun');

INSERT INTO PUBLIC.WORD (WORD_ID, MEANING, SPELLING, LANGUAGE_CODE, PART_OF_SPEECH_CODE) VALUES (21, '', 'полдень', 'ru', 'noun');
INSERT INTO PUBLIC.WORD (WORD_ID, MEANING, SPELLING, LANGUAGE_CODE, PART_OF_SPEECH_CODE) VALUES (22, '', 'noon', 'en', 'noun');
INSERT INTO PUBLIC.WORD (WORD_ID, MEANING, SPELLING, LANGUAGE_CODE, PART_OF_SPEECH_CODE) VALUES (23, '', 'поўдзень', 'by', 'noun');

INSERT INTO PUBLIC.WORD (WORD_ID, MEANING, SPELLING, LANGUAGE_CODE, PART_OF_SPEECH_CODE) VALUES (24, '', 'человек', 'ru', 'noun');
INSERT INTO PUBLIC.WORD (WORD_ID, MEANING, SPELLING, LANGUAGE_CODE, PART_OF_SPEECH_CODE) VALUES (25, '', 'person', 'en', 'noun');
INSERT INTO PUBLIC.WORD (WORD_ID, MEANING, SPELLING, LANGUAGE_CODE, PART_OF_SPEECH_CODE) VALUES (26, '', 'чалавек', 'by', 'noun');

INSERT INTO PUBLIC.WORD (WORD_ID, MEANING, SPELLING, LANGUAGE_CODE, PART_OF_SPEECH_CODE) VALUES (27, '', 'сестра', 'ru', 'noun');
INSERT INTO PUBLIC.WORD (WORD_ID, MEANING, SPELLING, LANGUAGE_CODE, PART_OF_SPEECH_CODE) VALUES (28, '', 'sister', 'en', 'noun');
INSERT INTO PUBLIC.WORD (WORD_ID, MEANING, SPELLING, LANGUAGE_CODE, PART_OF_SPEECH_CODE) VALUES (29, '', 'сястра', 'by', 'noun');

INSERT INTO PUBLIC.WORD (WORD_ID, MEANING, SPELLING, LANGUAGE_CODE, PART_OF_SPEECH_CODE) VALUES (30, '', 'солнце', 'ru', 'noun');
INSERT INTO PUBLIC.WORD (WORD_ID, MEANING, SPELLING, LANGUAGE_CODE, PART_OF_SPEECH_CODE) VALUES (31, '', 'sun', 'en', 'noun');
INSERT INTO PUBLIC.WORD (WORD_ID, MEANING, SPELLING, LANGUAGE_CODE, PART_OF_SPEECH_CODE) VALUES (32, '', 'сонца', 'by', 'noun');

INSERT INTO PUBLIC.WORD (WORD_ID, MEANING, SPELLING, LANGUAGE_CODE, PART_OF_SPEECH_CODE) VALUES (33, '', 'время', 'ru', 'noun');
INSERT INTO PUBLIC.WORD (WORD_ID, MEANING, SPELLING, LANGUAGE_CODE, PART_OF_SPEECH_CODE) VALUES (34, '', 'time', 'en', 'noun');
INSERT INTO PUBLIC.WORD (WORD_ID, MEANING, SPELLING, LANGUAGE_CODE, PART_OF_SPEECH_CODE) VALUES (35, '', 'час', 'by', 'noun');

INSERT INTO PUBLIC.WORD (WORD_ID, MEANING, SPELLING, LANGUAGE_CODE, PART_OF_SPEECH_CODE) VALUES (36, '', 'сегодня', 'ru', 'adverb');
INSERT INTO PUBLIC.WORD (WORD_ID, MEANING, SPELLING, LANGUAGE_CODE, PART_OF_SPEECH_CODE) VALUES (37, '', 'today', 'en', 'adverb');
INSERT INTO PUBLIC.WORD (WORD_ID, MEANING, SPELLING, LANGUAGE_CODE, PART_OF_SPEECH_CODE) VALUES (38, '', 'сёння', 'by', 'adverb');

INSERT INTO PUBLIC.WORD (WORD_ID, MEANING, SPELLING, LANGUAGE_CODE, PART_OF_SPEECH_CODE) VALUES (39, '', 'завтра', 'ru', 'adverb');
INSERT INTO PUBLIC.WORD (WORD_ID, MEANING, SPELLING, LANGUAGE_CODE, PART_OF_SPEECH_CODE) VALUES (40, '', 'tomorrow', 'en', 'adverb');
INSERT INTO PUBLIC.WORD (WORD_ID, MEANING, SPELLING, LANGUAGE_CODE, PART_OF_SPEECH_CODE) VALUES (41, '', 'заўтра', 'by', 'adverb');

INSERT INTO PUBLIC.WORD (WORD_ID, MEANING, SPELLING, LANGUAGE_CODE, PART_OF_SPEECH_CODE) VALUES (42, '', 'неделя', 'ru', 'noun');
INSERT INTO PUBLIC.WORD (WORD_ID, MEANING, SPELLING, LANGUAGE_CODE, PART_OF_SPEECH_CODE) VALUES (43, '', 'week', 'en', 'noun');
INSERT INTO PUBLIC.WORD (WORD_ID, MEANING, SPELLING, LANGUAGE_CODE, PART_OF_SPEECH_CODE) VALUES (44, '', 'тыдзень', 'by', 'noun');

INSERT INTO PUBLIC.WORD (WORD_ID, MEANING, SPELLING, LANGUAGE_CODE, PART_OF_SPEECH_CODE) VALUES (45, '', 'женщина', 'ru', 'noun');
INSERT INTO PUBLIC.WORD (WORD_ID, MEANING, SPELLING, LANGUAGE_CODE, PART_OF_SPEECH_CODE) VALUES (46, '', 'woman', 'en', 'noun');
INSERT INTO PUBLIC.WORD (WORD_ID, MEANING, SPELLING, LANGUAGE_CODE, PART_OF_SPEECH_CODE) VALUES (47, '', 'жанчына', 'by', 'noun');

INSERT INTO PUBLIC.WORD (WORD_ID, MEANING, SPELLING, LANGUAGE_CODE, PART_OF_SPEECH_CODE) VALUES (48, '', 'год', 'ru', 'noun');
INSERT INTO PUBLIC.WORD (WORD_ID, MEANING, SPELLING, LANGUAGE_CODE, PART_OF_SPEECH_CODE) VALUES (49, '', 'year', 'en', 'noun');
INSERT INTO PUBLIC.WORD (WORD_ID, MEANING, SPELLING, LANGUAGE_CODE, PART_OF_SPEECH_CODE) VALUES (50, '', 'год', 'by', 'noun');

INSERT INTO PUBLIC.WORD (WORD_ID, MEANING, SPELLING, LANGUAGE_CODE, PART_OF_SPEECH_CODE) VALUES (51, '', 'вчера', 'ru', 'adverb');
INSERT INTO PUBLIC.WORD (WORD_ID, MEANING, SPELLING, LANGUAGE_CODE, PART_OF_SPEECH_CODE) VALUES (52, '', 'yesterday', 'en', 'adverb');
INSERT INTO PUBLIC.WORD (WORD_ID, MEANING, SPELLING, LANGUAGE_CODE, PART_OF_SPEECH_CODE) VALUES (53, '', 'учора', 'by', 'adverb');

INSERT INTO PUBLIC.WORD (WORD_ID, MEANING, SPELLING, LANGUAGE_CODE, PART_OF_SPEECH_CODE) VALUES (54, '', 'иметь', 'ru', 'verb');
INSERT INTO PUBLIC.WORD (WORD_ID, MEANING, SPELLING, LANGUAGE_CODE, PART_OF_SPEECH_CODE) VALUES (55, '', 'have', 'en', 'verb');
INSERT INTO PUBLIC.WORD (WORD_ID, MEANING, SPELLING, LANGUAGE_CODE, PART_OF_SPEECH_CODE) VALUES (56, '', 'мець', 'by', 'verb');


INSERT INTO PUBLIC.WORD (WORD_ID, MEANING, SPELLING, LANGUAGE_CODE, PART_OF_SPEECH_CODE) VALUES (57, '', 'делать', 'ru', 'verb');
INSERT INTO PUBLIC.WORD (WORD_ID, MEANING, SPELLING, LANGUAGE_CODE, PART_OF_SPEECH_CODE) VALUES (58, '', 'do', 'en', 'verb');
INSERT INTO PUBLIC.WORD (WORD_ID, MEANING, SPELLING, LANGUAGE_CODE, PART_OF_SPEECH_CODE) VALUES (59, '', 'рабіць', 'by', 'verb');
INSERT INTO PUBLIC.WORD (WORD_ID, MEANING, SPELLING, LANGUAGE_CODE, PART_OF_SPEECH_CODE) VALUES (60, '', 'make', 'en', 'verb');
INSERT INTO PUBLIC.WORD (WORD_ID, MEANING, SPELLING, LANGUAGE_CODE, PART_OF_SPEECH_CODE) VALUES (61, '', 'тварыць', 'by', 'verb');


INSERT INTO PUBLIC.WORD (WORD_ID, MEANING, SPELLING, LANGUAGE_CODE, PART_OF_SPEECH_CODE) VALUES (62, '', 'говорить', 'ru', 'verb');
INSERT INTO PUBLIC.WORD (WORD_ID, MEANING, SPELLING, LANGUAGE_CODE, PART_OF_SPEECH_CODE) VALUES (63, '', 'say', 'en', 'verb');
INSERT INTO PUBLIC.WORD (WORD_ID, MEANING, SPELLING, LANGUAGE_CODE, PART_OF_SPEECH_CODE) VALUES (64, '', 'гаварыць', 'by', 'verb');

INSERT INTO PUBLIC.WORD (WORD_ID, MEANING, SPELLING, LANGUAGE_CODE, PART_OF_SPEECH_CODE) VALUES (65, '', 'идти', 'ru', 'verb');
INSERT INTO PUBLIC.WORD (WORD_ID, MEANING, SPELLING, LANGUAGE_CODE, PART_OF_SPEECH_CODE) VALUES (66, '', 'go', 'en', 'verb');
INSERT INTO PUBLIC.WORD (WORD_ID, MEANING, SPELLING, LANGUAGE_CODE, PART_OF_SPEECH_CODE) VALUES (67, '', 'ісці', 'by', 'verb');

INSERT INTO PUBLIC.WORD (WORD_ID, MEANING, SPELLING, LANGUAGE_CODE, PART_OF_SPEECH_CODE) VALUES (68, '', 'получать', 'ru', 'verb');
INSERT INTO PUBLIC.WORD (WORD_ID, MEANING, SPELLING, LANGUAGE_CODE, PART_OF_SPEECH_CODE) VALUES (69, '', 'get', 'en', 'verb');
INSERT INTO PUBLIC.WORD (WORD_ID, MEANING, SPELLING, LANGUAGE_CODE, PART_OF_SPEECH_CODE) VALUES (70, '', 'атрымліваць', 'by', 'verb');

INSERT INTO PUBLIC.WORD (WORD_ID, MEANING, SPELLING, LANGUAGE_CODE, PART_OF_SPEECH_CODE) VALUES (71, '', 'знать', 'ru', 'verb');
INSERT INTO PUBLIC.WORD (WORD_ID, MEANING, SPELLING, LANGUAGE_CODE, PART_OF_SPEECH_CODE) VALUES (72, '', 'know', 'en', 'verb');
INSERT INTO PUBLIC.WORD (WORD_ID, MEANING, SPELLING, LANGUAGE_CODE, PART_OF_SPEECH_CODE) VALUES (73, '', 'ведаць', 'by', 'verb');

INSERT INTO PUBLIC.WORD (WORD_ID, MEANING, SPELLING, LANGUAGE_CODE, PART_OF_SPEECH_CODE) VALUES (74, '', 'думать', 'ru', 'verb');
INSERT INTO PUBLIC.WORD (WORD_ID, MEANING, SPELLING, LANGUAGE_CODE, PART_OF_SPEECH_CODE) VALUES (75, '', 'think', 'en', 'verb');
INSERT INTO PUBLIC.WORD (WORD_ID, MEANING, SPELLING, LANGUAGE_CODE, PART_OF_SPEECH_CODE) VALUES (76, '', 'думаць', 'by', 'verb');

INSERT INTO PUBLIC.WORD (WORD_ID, MEANING, SPELLING, LANGUAGE_CODE, PART_OF_SPEECH_CODE) VALUES (77, '', 'брать', 'ru', 'verb');
INSERT INTO PUBLIC.WORD (WORD_ID, MEANING, SPELLING, LANGUAGE_CODE, PART_OF_SPEECH_CODE) VALUES (78, '', 'take', 'en', 'verb');
INSERT INTO PUBLIC.WORD (WORD_ID, MEANING, SPELLING, LANGUAGE_CODE, PART_OF_SPEECH_CODE) VALUES (79, '', 'браць', 'by', 'verb');

INSERT INTO PUBLIC.WORD (WORD_ID, MEANING, SPELLING, LANGUAGE_CODE, PART_OF_SPEECH_CODE) VALUES (80, '', 'видеть', 'ru', 'verb');
INSERT INTO PUBLIC.WORD (WORD_ID, MEANING, SPELLING, LANGUAGE_CODE, PART_OF_SPEECH_CODE) VALUES (81, '', 'see', 'en', 'verb');
INSERT INTO PUBLIC.WORD (WORD_ID, MEANING, SPELLING, LANGUAGE_CODE, PART_OF_SPEECH_CODE) VALUES (82, '', 'бачыць', 'by', 'verb');

INSERT INTO PUBLIC.WORD (WORD_ID, MEANING, SPELLING, LANGUAGE_CODE, PART_OF_SPEECH_CODE) VALUES (83, '', 'приходить', 'ru', 'verb');
INSERT INTO PUBLIC.WORD (WORD_ID, MEANING, SPELLING, LANGUAGE_CODE, PART_OF_SPEECH_CODE) VALUES (84, '', 'come', 'en', 'verb');
INSERT INTO PUBLIC.WORD (WORD_ID, MEANING, SPELLING, LANGUAGE_CODE, PART_OF_SPEECH_CODE) VALUES (85, '', 'прыходзіць', 'by', 'verb');

INSERT INTO PUBLIC.WORD (WORD_ID, MEANING, SPELLING, LANGUAGE_CODE, PART_OF_SPEECH_CODE) VALUES (86, '', 'хотеть', 'ru', 'verb');
INSERT INTO PUBLIC.WORD (WORD_ID, MEANING, SPELLING, LANGUAGE_CODE, PART_OF_SPEECH_CODE) VALUES (87, '', 'want', 'en', 'verb');
INSERT INTO PUBLIC.WORD (WORD_ID, MEANING, SPELLING, LANGUAGE_CODE, PART_OF_SPEECH_CODE) VALUES (88, '', 'хацець', 'by', 'verb');

INSERT INTO PUBLIC.WORD (WORD_ID, MEANING, SPELLING, LANGUAGE_CODE, PART_OF_SPEECH_CODE) VALUES (89, '', 'значить', 'ru', 'verb');
INSERT INTO PUBLIC.WORD (WORD_ID, MEANING, SPELLING, LANGUAGE_CODE, PART_OF_SPEECH_CODE) VALUES (90, '', 'mean', 'en', 'verb');
INSERT INTO PUBLIC.WORD (WORD_ID, MEANING, SPELLING, LANGUAGE_CODE, PART_OF_SPEECH_CODE) VALUES (91, '', 'значыць', 'by', 'verb');

INSERT INTO PUBLIC.TRANSLATE_RELATION (TRANSLATE_RELATIONUUID, WORD_WORD_ID, LANG_CODE) VALUES ('166c6b36-cb0e-4b33-9768-f34320a165aa', 44, 'by');
INSERT INTO PUBLIC.TRANSLATE_RELATION (TRANSLATE_RELATIONUUID, WORD_WORD_ID, LANG_CODE) VALUES ('171bf348-15a3-457c-bd2d-ac1a8329e808', 64, 'by');
INSERT INTO PUBLIC.TRANSLATE_RELATION (TRANSLATE_RELATIONUUID, WORD_WORD_ID, LANG_CODE) VALUES ('31252d98-9c6f-4e3d-ba4b-28d2b38d897f', 82, 'by');
INSERT INTO PUBLIC.TRANSLATE_RELATION (TRANSLATE_RELATIONUUID, WORD_WORD_ID, LANG_CODE) VALUES ('3a4f352c-ea84-42ce-a899-4e10cdfaea3e', 73, 'by');
INSERT INTO PUBLIC.TRANSLATE_RELATION (TRANSLATE_RELATIONUUID, WORD_WORD_ID, LANG_CODE) VALUES ('3b30a10d-7889-4301-8eaf-1452751ec56e', 79, 'by');
INSERT INTO PUBLIC.TRANSLATE_RELATION (TRANSLATE_RELATIONUUID, WORD_WORD_ID, LANG_CODE) VALUES ('3daae253-029d-428e-84d2-dea46c8df4c3', 76, 'by');
INSERT INTO PUBLIC.TRANSLATE_RELATION (TRANSLATE_RELATIONUUID, WORD_WORD_ID, LANG_CODE) VALUES ('3f30cff0-5f6a-4d34-a5ab-315f0373d4fb', 70, 'by');
INSERT INTO PUBLIC.TRANSLATE_RELATION (TRANSLATE_RELATIONUUID, WORD_WORD_ID, LANG_CODE) VALUES ('491afbc3-2a4c-4258-95bf-faaf373dd9a6', 47, 'by');
INSERT INTO PUBLIC.TRANSLATE_RELATION (TRANSLATE_RELATIONUUID, WORD_WORD_ID, LANG_CODE) VALUES ('4e6f3ca8-07bb-4d4a-82c4-68c05ea0017e', 85, 'by');
INSERT INTO PUBLIC.TRANSLATE_RELATION (TRANSLATE_RELATIONUUID, WORD_WORD_ID, LANG_CODE) VALUES ('5578290f-6daa-46c2-85b3-ec5707172fd2', 14, 'by');
INSERT INTO PUBLIC.TRANSLATE_RELATION (TRANSLATE_RELATIONUUID, WORD_WORD_ID, LANG_CODE) VALUES ('55b87c8a-2d88-4587-ae6f-a9173318a999', 7, 'by');
INSERT INTO PUBLIC.TRANSLATE_RELATION (TRANSLATE_RELATIONUUID, WORD_WORD_ID, LANG_CODE) VALUES ('6ecc47bc-e1db-45b9-ac0c-58bd229cd93a', 11, 'by');
INSERT INTO PUBLIC.TRANSLATE_RELATION (TRANSLATE_RELATIONUUID, WORD_WORD_ID, LANG_CODE) VALUES ('71a08a42-7dc3-41e7-b283-59036ab0ed01', 56, 'by');
INSERT INTO PUBLIC.TRANSLATE_RELATION (TRANSLATE_RELATIONUUID, WORD_WORD_ID, LANG_CODE) VALUES ('7f684e9e-fc10-4c46-b31a-b85845c05144', 67, 'by');
INSERT INTO PUBLIC.TRANSLATE_RELATION (TRANSLATE_RELATIONUUID, WORD_WORD_ID, LANG_CODE) VALUES ('7fdcee31-9508-43c2-8b39-1550a070861a', 32, 'by');
INSERT INTO PUBLIC.TRANSLATE_RELATION (TRANSLATE_RELATIONUUID, WORD_WORD_ID, LANG_CODE) VALUES ('8f3d74b3-5ab8-4a1f-b7c0-704c8bfd1abd', 50, 'by');
INSERT INTO PUBLIC.TRANSLATE_RELATION (TRANSLATE_RELATIONUUID, WORD_WORD_ID, LANG_CODE) VALUES ('a1c79624-eea3-4b09-a0d9-71e9473485ad', 38, 'by');
INSERT INTO PUBLIC.TRANSLATE_RELATION (TRANSLATE_RELATIONUUID, WORD_WORD_ID, LANG_CODE) VALUES ('aba87d91-3547-4a06-8c21-9c9db981cfa3', 41, 'by');
INSERT INTO PUBLIC.TRANSLATE_RELATION (TRANSLATE_RELATIONUUID, WORD_WORD_ID, LANG_CODE) VALUES ('ad977483-cd92-4748-97d7-5ba62275ce61', 35, 'by');
INSERT INTO PUBLIC.TRANSLATE_RELATION (TRANSLATE_RELATIONUUID, WORD_WORD_ID, LANG_CODE) VALUES ('aedc5a8d-ac19-4c7b-ad02-8137fc191a23', 20, 'by');
INSERT INTO PUBLIC.TRANSLATE_RELATION (TRANSLATE_RELATIONUUID, WORD_WORD_ID, LANG_CODE) VALUES ('b0a0867c-8c38-4c1c-8113-585db18aa35b', 29, 'by');
INSERT INTO PUBLIC.TRANSLATE_RELATION (TRANSLATE_RELATIONUUID, WORD_WORD_ID, LANG_CODE) VALUES ('bf02d8a9-3287-49d6-bb7f-215fcf20693f', 4, 'by');
INSERT INTO PUBLIC.TRANSLATE_RELATION (TRANSLATE_RELATIONUUID, WORD_WORD_ID, LANG_CODE) VALUES ('c2d5d132-0dba-4a8f-8e93-d5e46426b3eb', 59, 'by');
INSERT INTO PUBLIC.TRANSLATE_RELATION (TRANSLATE_RELATIONUUID, WORD_WORD_ID, LANG_CODE) VALUES ('c2d5d132-0dba-4a8f-8e93-d5e46426b3eb', 61, 'by');
INSERT INTO PUBLIC.TRANSLATE_RELATION (TRANSLATE_RELATIONUUID, WORD_WORD_ID, LANG_CODE) VALUES ('c6ec23c6-984e-4dbc-af2a-ddbdac68db8a', 23, 'by');
INSERT INTO PUBLIC.TRANSLATE_RELATION (TRANSLATE_RELATIONUUID, WORD_WORD_ID, LANG_CODE) VALUES ('c8ac4020-4c38-4b77-85fb-84be0c713d1c', 53, 'by');
INSERT INTO PUBLIC.TRANSLATE_RELATION (TRANSLATE_RELATIONUUID, WORD_WORD_ID, LANG_CODE) VALUES ('def27cc0-e83c-498f-8f9c-d1f6c61b5a3e', 17, 'by');
INSERT INTO PUBLIC.TRANSLATE_RELATION (TRANSLATE_RELATIONUUID, WORD_WORD_ID, LANG_CODE) VALUES ('e2917a58-d548-4479-90a5-167e1e3a845b', 26, 'by');
INSERT INTO PUBLIC.TRANSLATE_RELATION (TRANSLATE_RELATIONUUID, WORD_WORD_ID, LANG_CODE) VALUES ('eb38d87a-0084-46c3-b681-2ac5c419d033', 88, 'by');
INSERT INTO PUBLIC.TRANSLATE_RELATION (TRANSLATE_RELATIONUUID, WORD_WORD_ID, LANG_CODE) VALUES ('fbbf2062-9374-4ae8-8260-f0024da1470c', 91, 'by');
INSERT INTO PUBLIC.TRANSLATE_RELATION (TRANSLATE_RELATIONUUID, WORD_WORD_ID, LANG_CODE) VALUES ('166c6b36-cb0e-4b33-9768-f34320a165aa', 43, 'en');
INSERT INTO PUBLIC.TRANSLATE_RELATION (TRANSLATE_RELATIONUUID, WORD_WORD_ID, LANG_CODE) VALUES ('171bf348-15a3-457c-bd2d-ac1a8329e808', 63, 'en');
INSERT INTO PUBLIC.TRANSLATE_RELATION (TRANSLATE_RELATIONUUID, WORD_WORD_ID, LANG_CODE) VALUES ('31252d98-9c6f-4e3d-ba4b-28d2b38d897f', 81, 'en');
INSERT INTO PUBLIC.TRANSLATE_RELATION (TRANSLATE_RELATIONUUID, WORD_WORD_ID, LANG_CODE) VALUES ('3a4f352c-ea84-42ce-a899-4e10cdfaea3e', 72, 'en');
INSERT INTO PUBLIC.TRANSLATE_RELATION (TRANSLATE_RELATIONUUID, WORD_WORD_ID, LANG_CODE) VALUES ('3b30a10d-7889-4301-8eaf-1452751ec56e', 78, 'en');
INSERT INTO PUBLIC.TRANSLATE_RELATION (TRANSLATE_RELATIONUUID, WORD_WORD_ID, LANG_CODE) VALUES ('3daae253-029d-428e-84d2-dea46c8df4c3', 75, 'en');
INSERT INTO PUBLIC.TRANSLATE_RELATION (TRANSLATE_RELATIONUUID, WORD_WORD_ID, LANG_CODE) VALUES ('3f30cff0-5f6a-4d34-a5ab-315f0373d4fb', 69, 'en');
INSERT INTO PUBLIC.TRANSLATE_RELATION (TRANSLATE_RELATIONUUID, WORD_WORD_ID, LANG_CODE) VALUES ('491afbc3-2a4c-4258-95bf-faaf373dd9a6', 46, 'en');
INSERT INTO PUBLIC.TRANSLATE_RELATION (TRANSLATE_RELATIONUUID, WORD_WORD_ID, LANG_CODE) VALUES ('4e6f3ca8-07bb-4d4a-82c4-68c05ea0017e', 84, 'en');
INSERT INTO PUBLIC.TRANSLATE_RELATION (TRANSLATE_RELATIONUUID, WORD_WORD_ID, LANG_CODE) VALUES ('5578290f-6daa-46c2-85b3-ec5707172fd2', 13, 'en');
INSERT INTO PUBLIC.TRANSLATE_RELATION (TRANSLATE_RELATIONUUID, WORD_WORD_ID, LANG_CODE) VALUES ('55b87c8a-2d88-4587-ae6f-a9173318a999', 6, 'en');
INSERT INTO PUBLIC.TRANSLATE_RELATION (TRANSLATE_RELATIONUUID, WORD_WORD_ID, LANG_CODE) VALUES ('6ecc47bc-e1db-45b9-ac0c-58bd229cd93a', 10, 'en');
INSERT INTO PUBLIC.TRANSLATE_RELATION (TRANSLATE_RELATIONUUID, WORD_WORD_ID, LANG_CODE) VALUES ('71a08a42-7dc3-41e7-b283-59036ab0ed01', 55, 'en');
INSERT INTO PUBLIC.TRANSLATE_RELATION (TRANSLATE_RELATIONUUID, WORD_WORD_ID, LANG_CODE) VALUES ('7f684e9e-fc10-4c46-b31a-b85845c05144', 66, 'en');
INSERT INTO PUBLIC.TRANSLATE_RELATION (TRANSLATE_RELATIONUUID, WORD_WORD_ID, LANG_CODE) VALUES ('7fdcee31-9508-43c2-8b39-1550a070861a', 31, 'en');
INSERT INTO PUBLIC.TRANSLATE_RELATION (TRANSLATE_RELATIONUUID, WORD_WORD_ID, LANG_CODE) VALUES ('8f3d74b3-5ab8-4a1f-b7c0-704c8bfd1abd', 49, 'en');
INSERT INTO PUBLIC.TRANSLATE_RELATION (TRANSLATE_RELATIONUUID, WORD_WORD_ID, LANG_CODE) VALUES ('a1c79624-eea3-4b09-a0d9-71e9473485ad', 37, 'en');
INSERT INTO PUBLIC.TRANSLATE_RELATION (TRANSLATE_RELATIONUUID, WORD_WORD_ID, LANG_CODE) VALUES ('aba87d91-3547-4a06-8c21-9c9db981cfa3', 40, 'en');
INSERT INTO PUBLIC.TRANSLATE_RELATION (TRANSLATE_RELATIONUUID, WORD_WORD_ID, LANG_CODE) VALUES ('ad977483-cd92-4748-97d7-5ba62275ce61', 34, 'en');
INSERT INTO PUBLIC.TRANSLATE_RELATION (TRANSLATE_RELATIONUUID, WORD_WORD_ID, LANG_CODE) VALUES ('aedc5a8d-ac19-4c7b-ad02-8137fc191a23', 19, 'en');
INSERT INTO PUBLIC.TRANSLATE_RELATION (TRANSLATE_RELATIONUUID, WORD_WORD_ID, LANG_CODE) VALUES ('b0a0867c-8c38-4c1c-8113-585db18aa35b', 28, 'en');
INSERT INTO PUBLIC.TRANSLATE_RELATION (TRANSLATE_RELATIONUUID, WORD_WORD_ID, LANG_CODE) VALUES ('bf02d8a9-3287-49d6-bb7f-215fcf20693f', 1, 'en');
INSERT INTO PUBLIC.TRANSLATE_RELATION (TRANSLATE_RELATIONUUID, WORD_WORD_ID, LANG_CODE) VALUES ('c2d5d132-0dba-4a8f-8e93-d5e46426b3eb', 58, 'en');
INSERT INTO PUBLIC.TRANSLATE_RELATION (TRANSLATE_RELATIONUUID, WORD_WORD_ID, LANG_CODE) VALUES ('c2d5d132-0dba-4a8f-8e93-d5e46426b3eb', 60, 'en');
INSERT INTO PUBLIC.TRANSLATE_RELATION (TRANSLATE_RELATIONUUID, WORD_WORD_ID, LANG_CODE) VALUES ('c6ec23c6-984e-4dbc-af2a-ddbdac68db8a', 22, 'en');
INSERT INTO PUBLIC.TRANSLATE_RELATION (TRANSLATE_RELATIONUUID, WORD_WORD_ID, LANG_CODE) VALUES ('c8ac4020-4c38-4b77-85fb-84be0c713d1c', 52, 'en');
INSERT INTO PUBLIC.TRANSLATE_RELATION (TRANSLATE_RELATIONUUID, WORD_WORD_ID, LANG_CODE) VALUES ('def27cc0-e83c-498f-8f9c-d1f6c61b5a3e', 16, 'en');
INSERT INTO PUBLIC.TRANSLATE_RELATION (TRANSLATE_RELATIONUUID, WORD_WORD_ID, LANG_CODE) VALUES ('e2917a58-d548-4479-90a5-167e1e3a845b', 25, 'en');
INSERT INTO PUBLIC.TRANSLATE_RELATION (TRANSLATE_RELATIONUUID, WORD_WORD_ID, LANG_CODE) VALUES ('eb38d87a-0084-46c3-b681-2ac5c419d033', 87, 'en');
INSERT INTO PUBLIC.TRANSLATE_RELATION (TRANSLATE_RELATIONUUID, WORD_WORD_ID, LANG_CODE) VALUES ('fbbf2062-9374-4ae8-8260-f0024da1470c', 90, 'en');
INSERT INTO PUBLIC.TRANSLATE_RELATION (TRANSLATE_RELATIONUUID, WORD_WORD_ID, LANG_CODE) VALUES ('166c6b36-cb0e-4b33-9768-f34320a165aa', 42, 'ru');
INSERT INTO PUBLIC.TRANSLATE_RELATION (TRANSLATE_RELATIONUUID, WORD_WORD_ID, LANG_CODE) VALUES ('171bf348-15a3-457c-bd2d-ac1a8329e808', 62, 'ru');
INSERT INTO PUBLIC.TRANSLATE_RELATION (TRANSLATE_RELATIONUUID, WORD_WORD_ID, LANG_CODE) VALUES ('31252d98-9c6f-4e3d-ba4b-28d2b38d897f', 80, 'ru');
INSERT INTO PUBLIC.TRANSLATE_RELATION (TRANSLATE_RELATIONUUID, WORD_WORD_ID, LANG_CODE) VALUES ('3a4f352c-ea84-42ce-a899-4e10cdfaea3e', 71, 'ru');
INSERT INTO PUBLIC.TRANSLATE_RELATION (TRANSLATE_RELATIONUUID, WORD_WORD_ID, LANG_CODE) VALUES ('3b30a10d-7889-4301-8eaf-1452751ec56e', 77, 'ru');
INSERT INTO PUBLIC.TRANSLATE_RELATION (TRANSLATE_RELATIONUUID, WORD_WORD_ID, LANG_CODE) VALUES ('3daae253-029d-428e-84d2-dea46c8df4c3', 74, 'ru');
INSERT INTO PUBLIC.TRANSLATE_RELATION (TRANSLATE_RELATIONUUID, WORD_WORD_ID, LANG_CODE) VALUES ('3f30cff0-5f6a-4d34-a5ab-315f0373d4fb', 68, 'ru');
INSERT INTO PUBLIC.TRANSLATE_RELATION (TRANSLATE_RELATIONUUID, WORD_WORD_ID, LANG_CODE) VALUES ('491afbc3-2a4c-4258-95bf-faaf373dd9a6', 45, 'ru');
INSERT INTO PUBLIC.TRANSLATE_RELATION (TRANSLATE_RELATIONUUID, WORD_WORD_ID, LANG_CODE) VALUES ('4e6f3ca8-07bb-4d4a-82c4-68c05ea0017e', 83, 'ru');
INSERT INTO PUBLIC.TRANSLATE_RELATION (TRANSLATE_RELATIONUUID, WORD_WORD_ID, LANG_CODE) VALUES ('5578290f-6daa-46c2-85b3-ec5707172fd2', 12, 'ru');
INSERT INTO PUBLIC.TRANSLATE_RELATION (TRANSLATE_RELATIONUUID, WORD_WORD_ID, LANG_CODE) VALUES ('55b87c8a-2d88-4587-ae6f-a9173318a999', 5, 'ru');
INSERT INTO PUBLIC.TRANSLATE_RELATION (TRANSLATE_RELATIONUUID, WORD_WORD_ID, LANG_CODE) VALUES ('6ecc47bc-e1db-45b9-ac0c-58bd229cd93a', 9, 'ru');
INSERT INTO PUBLIC.TRANSLATE_RELATION (TRANSLATE_RELATIONUUID, WORD_WORD_ID, LANG_CODE) VALUES ('71a08a42-7dc3-41e7-b283-59036ab0ed01', 54, 'ru');
INSERT INTO PUBLIC.TRANSLATE_RELATION (TRANSLATE_RELATIONUUID, WORD_WORD_ID, LANG_CODE) VALUES ('7f684e9e-fc10-4c46-b31a-b85845c05144', 65, 'ru');
INSERT INTO PUBLIC.TRANSLATE_RELATION (TRANSLATE_RELATIONUUID, WORD_WORD_ID, LANG_CODE) VALUES ('7fdcee31-9508-43c2-8b39-1550a070861a', 30, 'ru');
INSERT INTO PUBLIC.TRANSLATE_RELATION (TRANSLATE_RELATIONUUID, WORD_WORD_ID, LANG_CODE) VALUES ('8f3d74b3-5ab8-4a1f-b7c0-704c8bfd1abd', 48, 'ru');
INSERT INTO PUBLIC.TRANSLATE_RELATION (TRANSLATE_RELATIONUUID, WORD_WORD_ID, LANG_CODE) VALUES ('a1c79624-eea3-4b09-a0d9-71e9473485ad', 36, 'ru');
INSERT INTO PUBLIC.TRANSLATE_RELATION (TRANSLATE_RELATIONUUID, WORD_WORD_ID, LANG_CODE) VALUES ('aba87d91-3547-4a06-8c21-9c9db981cfa3', 39, 'ru');
INSERT INTO PUBLIC.TRANSLATE_RELATION (TRANSLATE_RELATIONUUID, WORD_WORD_ID, LANG_CODE) VALUES ('ad977483-cd92-4748-97d7-5ba62275ce61', 33, 'ru');
INSERT INTO PUBLIC.TRANSLATE_RELATION (TRANSLATE_RELATIONUUID, WORD_WORD_ID, LANG_CODE) VALUES ('aedc5a8d-ac19-4c7b-ad02-8137fc191a23', 18, 'ru');
INSERT INTO PUBLIC.TRANSLATE_RELATION (TRANSLATE_RELATIONUUID, WORD_WORD_ID, LANG_CODE) VALUES ('b0a0867c-8c38-4c1c-8113-585db18aa35b', 27, 'ru');
INSERT INTO PUBLIC.TRANSLATE_RELATION (TRANSLATE_RELATIONUUID, WORD_WORD_ID, LANG_CODE) VALUES ('bf02d8a9-3287-49d6-bb7f-215fcf20693f', 2, 'ru');
INSERT INTO PUBLIC.TRANSLATE_RELATION (TRANSLATE_RELATIONUUID, WORD_WORD_ID, LANG_CODE) VALUES ('bf02d8a9-3287-49d6-bb7f-215fcf20693f', 3, 'ru');
INSERT INTO PUBLIC.TRANSLATE_RELATION (TRANSLATE_RELATIONUUID, WORD_WORD_ID, LANG_CODE) VALUES ('c2d5d132-0dba-4a8f-8e93-d5e46426b3eb', 57, 'ru');
INSERT INTO PUBLIC.TRANSLATE_RELATION (TRANSLATE_RELATIONUUID, WORD_WORD_ID, LANG_CODE) VALUES ('c6ec23c6-984e-4dbc-af2a-ddbdac68db8a', 21, 'ru');
INSERT INTO PUBLIC.TRANSLATE_RELATION (TRANSLATE_RELATIONUUID, WORD_WORD_ID, LANG_CODE) VALUES ('c8ac4020-4c38-4b77-85fb-84be0c713d1c', 51, 'ru');
INSERT INTO PUBLIC.TRANSLATE_RELATION (TRANSLATE_RELATIONUUID, WORD_WORD_ID, LANG_CODE) VALUES ('def27cc0-e83c-498f-8f9c-d1f6c61b5a3e', 15, 'ru');
INSERT INTO PUBLIC.TRANSLATE_RELATION (TRANSLATE_RELATIONUUID, WORD_WORD_ID, LANG_CODE) VALUES ('e2917a58-d548-4479-90a5-167e1e3a845b', 24, 'ru');
INSERT INTO PUBLIC.TRANSLATE_RELATION (TRANSLATE_RELATIONUUID, WORD_WORD_ID, LANG_CODE) VALUES ('eb38d87a-0084-46c3-b681-2ac5c419d033', 86, 'ru');
INSERT INTO PUBLIC.TRANSLATE_RELATION (TRANSLATE_RELATIONUUID, WORD_WORD_ID, LANG_CODE) VALUES ('fbbf2062-9374-4ae8-8260-f0024da1470c', 89, 'ru');

alter sequence WORD_SQ restart with 200
